nombre_cliente,gender
Kipper,Male
Tina,Non-binary
Blinnie,Female
Stuart,Male
Miles,Male
Piper,Female
Bancroft,Male
Clement,Male
Jeromy,Male
Brock,Male
Viviana,Bigender
Zachery,Male
Chase,Bigender
Hal,Non-binary
Minnnie,Female
Efren,Male
Giraldo,Male
Wilek,Male
Sile,Bigender
Agnese,Female
Thacher,Male
Collete,Female
Cordy,Female
Robby,Female
Melina,Female
Niall,Male
Kimble,Male
Percival,Male
Yetta,Female
Oran,Male
Gaultiero,Male
Malorie,Female
Alethea,Female
Kelsey,Male
Brook,Male
Harlin,Male
Elise,Female
Fifi,Female
Mayer,Male
Obidiah,Male
Clarisse,Female
Letisha,Female
Daria,Female
Kendricks,Male
Earlie,Male
Bryana,Female
Lorene,Female
Marcus,Genderqueer
Tabina,Female
Justen,Male
Casandra,Female
Linus,Male
Homerus,Male
Sherman,Male
Lanny,Female
Hyacinthie,Female
Bryon,Polygender
Brandy,Female
Ab,Male
Isiahi,Male
Conway,Male
Gaston,Male
Minnnie,Female
Hayley,Female
Violetta,Female
Shoshanna,Female
Benedick,Male
Maximilian,Male
Carlye,Female
Vania,Polygender
Paton,Non-binary
Durante,Male
Erie,Male
Mathew,Non-binary
Rea,Female
Eartha,Female
Base,Male
Gisela,Genderqueer
Bellina,Female
Daune,Female
Carly,Agender
Eadmund,Polygender
Noami,Female
Tyrone,Male
Berti,Female
Rebekah,Female
Bobbi,Female
Hilton,Male
Robers,Polygender
Augustine,Male
Lester,Male
Sim,Male
Haydon,Male
Harlen,Male
Ring,Male
Windham,Polygender
Thomasin,Female
Talbot,Male
Freddie,Female
Paxton,Male
Darcie,Female
Tabitha,Female
Jenna,Female
Lonna,Female
Lannie,Male
Crystie,Female
Dedra,Female
Aubine,Genderfluid
Claudius,Male
Chuck,Male
Iseabal,Female
Alon,Male
Daveta,Female
Rutherford,Male
Jerry,Female
Cheryl,Female
Abbot,Male
Sosanna,Polygender
Laurie,Female
Alfred,Male
Lind,Male
Ward,Male
Malena,Bigender
Dallas,Female
Marnie,Female
Maitilde,Female
Alfredo,Male
Isidoro,Male
Consuelo,Female
Ingaborg,Female
Stephi,Female
Winona,Polygender
Siobhan,Female
Giovanni,Male
Norean,Female
Joy,Female
Filippo,Male
Charlotte,Female
Max,Female
Laird,Male
Alex,Male
Eleen,Female
Elora,Female
Eldin,Male
Cherida,Female
Burty,Male
Brose,Genderqueer
Esdras,Male
Ware,Male
Marshall,Male
Analiese,Non-binary
Gwyn,Female
Bayard,Male
Cal,Male
Felecia,Female
Stinky,Male
Carry,Female
Edmon,Male
Keith,Male
Wanids,Female
Manfred,Male
Carmita,Female
Mic,Male
Barrett,Male
Pearle,Female
Andrea,Male
Torey,Female
Gisele,Female
Merrile,Non-binary
Mignonne,Female
Quincy,Male
Alford,Bigender
Sibel,Female
Herman,Male
Claudian,Polygender
Hank,Male
Brand,Male
Lenci,Male
Clevey,Male
Trumaine,Male
Cletus,Male
Blair,Male
Pyotr,Male
Carlota,Female
Eal,Male
Iorgo,Male
Jodi,Male
Georgette,Female
Fernando,Male
Clementia,Female
Falito,Non-binary
Edgard,Male
Gianna,Female
Araldo,Male
Felita,Female
Fredrika,Female
Sigvard,Male
Danita,Female
Trixie,Female
Tabby,Female
Kermie,Male
Jens,Polygender
Pablo,Male
Fritz,Genderqueer
Theda,Agender
Jermain,Male
Jeffy,Male
Raynard,Male
Alla,Female
Garv,Male
Antoinette,Female
Jillayne,Female
Zacharias,Male
Tiffani,Female
Robert,Male
Sergio,Agender
Robert,Male
Ignaz,Male
Percival,Male
Lilian,Female
Steffi,Female
Brana,Female
Cassy,Female
Umberto,Male
Venita,Female
Lazaro,Bigender
Christine,Female
Sunny,Male
Ernesta,Female
Ugo,Male
Rolando,Male
Davin,Bigender
Daisy,Female
Maurise,Female
Debra,Female
Annemarie,Polygender
Kendre,Female
Clementius,Male
Felita,Female
Marlin,Male
Giustino,Male
Talyah,Female
Carmita,Female
Joana,Female
Norbert,Male
Anastasia,Female
Ingaberg,Female
Kare,Female
Werner,Male
Carrol,Male
Isaac,Male
Wald,Agender
Rudd,Male
Joni,Female
Hartwell,Male
Francene,Non-binary
Adamo,Male
Batholomew,Male
Emmerich,Male
Darn,Male
Darlene,Female
Reed,Male
Xymenes,Male
Eberhard,Male
Johnath,Female
Horton,Male
Leeanne,Female
Janeczka,Genderqueer
Ermanno,Male
Angel,Female
Piper,Female
Binnie,Female
Vince,Male
Derrek,Male
Sidonia,Female
Jilli,Female
Tommy,Male
Shayne,Female
Dot,Female
Frieda,Female
Karly,Female
Kelbee,Bigender
Vin,Female
Lorita,Female
Whitby,Agender
Anni,Female
Libbey,Female
Thorndike,Male
Paulina,Female
Iver,Male
Jacki,Female
Sheridan,Male
Wait,Male
Christin,Female
Koenraad,Male
Rosalind,Female
Kirsten,Female
Emmalynn,Female
Madalena,Female
Jonathan,Male
Willis,Male
Lammond,Male
Austin,Genderqueer
Billi,Female
Obidiah,Male
Chan,Male
Poul,Male
Shoshana,Female
Marne,Female
Ynez,Female
Verina,Female
Erie,Male
Vanny,Female
Fanni,Female
Franzen,Male
Doe,Female
Rhianna,Female
Ebonee,Polygender
Horatio,Male
Gay,Female
Mareah,Female
Morris,Male
Pietro,Male
Boonie,Male
Alec,Male
Malena,Female
Mallory,Male
Alberik,Genderfluid
Stillmann,Male
Dov,Male
Casey,Female
Averil,Male
Meryl,Female
Giffard,Male
Kelley,Female
Haydon,Male
Peyton,Male
Harlie,Female
Arnaldo,Male
Otho,Male
Lurleen,Female
Maribelle,Non-binary
Lurette,Female
Fair,Male
Angelia,Female
Ado,Male
Raychel,Female
Crystal,Female
Joceline,Female
Shena,Female
Korella,Female
Jeffie,Male
Ulrica,Female
West,Male
Ernie,Male
Torrin,Male
Bran,Male
Farlay,Male
Josh,Male
Sheilah,Female
Ede,Female
Petey,Male
Dolli,Female
Jory,Male
Cymbre,Female
Karilynn,Female
Bradney,Male
Cassie,Female
Aaren,Female
Tamarra,Female
Vinson,Polygender
Sissy,Female
Chaddie,Male
Prescott,Male
Saul,Agender
Octavius,Male
Constantia,Female
Lindsy,Female
Alisander,Male
Colly,Female
Gregor,Male
Claudian,Male
Mirelle,Female
Xever,Male
Pamela,Bigender
Penn,Male
Somerset,Male
Terrance,Male
Henka,Female
Bob,Male
Thurstan,Male
Edwin,Male
Maudie,Female
Dalton,Male
Rosaline,Female
Helge,Female
Rhys,Male
Connor,Male
Griffy,Male
Scarlett,Bigender
Dodie,Female
Tatiania,Female
Gusti,Female
Ailsun,Female
Wilburt,Male
Adolphe,Male
Hattie,Female
Carlos,Male
Kippar,Male
Court,Male
Geri,Female
Tate,Male
Gayler,Male
Sybil,Female
Emery,Male
Jerrome,Polygender
Eldredge,Male
Ramsay,Male
Tedman,Male
Ashlee,Female
Hill,Male
Tymothy,Male
Blake,Female
Gwynne,Female
Darcy,Female
Rafaela,Female
Siobhan,Female
Karla,Female
Nadine,Female
Ilyssa,Female
Sydel,Genderqueer
Elmer,Male
Westleigh,Male
Ignaz,Male
Wini,Female
Bertine,Non-binary
Ive,Male
Moselle,Female
Tommy,Female
Tedie,Male
Mable,Female
Aurelea,Female
Tyrus,Non-binary
Gaspar,Male
Lyndy,Female
Elvis,Male
Niels,Male
Marcelle,Female
Haze,Male
Zelda,Female
Marlo,Male
Joye,Female
Fernando,Male
Arluene,Female
Garvey,Male
Desiri,Female
Corenda,Female
Brenna,Female
Vivyan,Female
Layla,Female
Danny,Male
Korie,Female
May,Female
Lewie,Male
Ad,Male
Dayna,Female
Parry,Male
Joshia,Male
Ewen,Male
Cori,Male
Koren,Female
Orelie,Female
Nappy,Male
Ashil,Female
Annalise,Female
Hyacinth,Female
Susannah,Female
Obediah,Male
Mariya,Female
Tomaso,Male
Wain,Male
Augustine,Polygender
Conrad,Male
Marice,Bigender
Lemar,Male
Staffard,Male
Cleopatra,Female
Laural,Female
Charline,Female
Herold,Male
Chaunce,Agender
Chantalle,Bigender
Svend,Male
Sandie,Female
Roley,Male
Berke,Male
Jessie,Male
Darby,Male
Melamie,Female
Kylie,Female
Waylan,Male
Truda,Female
Ebba,Female
Rosemonde,Female
Catie,Female
Felice,Female
Demetrius,Male
Willamina,Female
Mavra,Female
Emelda,Female
Whitby,Male
Arabelle,Female
Corinne,Female
Ive,Male
Alanson,Male
Yelena,Female
Rae,Female
Wernher,Non-binary
Cammie,Female
Oliviero,Male
Georgianna,Female
Elyse,Female
Pip,Male
Clifford,Male
Waylan,Male
Val,Male
Glory,Female
Blancha,Female
Paquito,Male
Joy,Polygender
Gram,Male
Dareen,Female
Marthe,Female
Tabb,Male
Blaire,Agender
Caterina,Female
Iain,Male
Madelaine,Female
Yovonnda,Female
Yance,Male
Dniren,Female
Wells,Male
Erv,Male
Charmine,Female
Had,Male
Hedda,Polygender
Bari,Female
Jay,Male
Rick,Male
Laetitia,Polygender
Linn,Female
Solomon,Male
Hailee,Female
Jennie,Female
Marcus,Male
Sashenka,Female
Ashley,Female
Yvette,Female
Gnni,Female
Kania,Female
Barn,Male
Gill,Male
Valerie,Female
Wendall,Male
Malissia,Female
Terrance,Male
Amaleta,Female
Gus,Male
Shani,Female
Gal,Male
Marlo,Male
Debor,Female
Brew,Male
Raviv,Male
Elsworth,Male
Corrine,Female
Hermina,Female
Brynn,Female
Cos,Male
Frances,Genderqueer
Bettine,Female
Abbe,Female
Hyacinthia,Genderqueer
Shirl,Female
Arielle,Polygender
Kristyn,Female
Orlando,Male
Auroora,Non-binary
Lester,Male
Caroline,Female
Budd,Agender
Sheffield,Male
Matt,Male
Worthy,Male
Gustave,Male
Jamaal,Male
Seth,Male
Nolan,Male
Trudie,Female
Shayna,Female
Danella,Female
Darill,Male
Chandal,Female
Zelig,Male
Filip,Genderqueer
Hobie,Male
Rois,Agender
Sancho,Male
Michal,Male
Rockwell,Bigender
Elena,Female
Madelon,Female
Adi,Female
Gottfried,Male
Kara,Female
Jeanna,Female
Rana,Female
Wyn,Male
Carmelita,Female
Larissa,Bigender
Krishna,Male
Mela,Polygender
Tymothy,Male
Serena,Female
Quintus,Male
Honoria,Female
Alano,Male
Irene,Female
Tobey,Female
Ruggiero,Male
Cody,Male
Sanderson,Male
Constance,Female
Uriel,Male
Hyatt,Male
Tallulah,Female
Feliza,Bigender
Obediah,Male
Elora,Female
Gifford,Male
Leila,Female
Ambrose,Male
Cornall,Bigender
Penrod,Male
Ronny,Male
Nathanil,Male
Corene,Female
Tedra,Female
Marlon,Male
Cara,Female
Donna,Female
Reade,Male
Farica,Female
Gladys,Female
Lucita,Female
Lia,Female
Clary,Female
Eberto,Agender
Simone,Male
Bald,Male
Dav,Male
Fairfax,Male
Tades,Genderqueer
Cozmo,Male
Emlyn,Female
Kylila,Female
Berthe,Female
Curr,Male
Clari,Female
Gregg,Male
Lynnett,Female
Emily,Female
Dynah,Female
Irving,Male
Cal,Female
Clemmy,Male
Darcey,Female
Claresta,Female
Anthiathia,Female
Hortensia,Female
Grethel,Polygender
Dalia,Female
Cassandra,Female
Chrysa,Female
Geoffrey,Male
Boris,Male
Garvin,Male
Lyndy,Polygender
Pierce,Male
Noll,Male
Morgana,Non-binary
Hoebart,Male
Maxine,Female
Bucky,Polygender
Felipe,Male
Case,Male
Chelsey,Female
Kathryne,Female
Aryn,Female
Bord,Male
Bink,Male
Kirsten,Female
Steven,Male
Marnie,Female
Doyle,Male
Keelia,Genderqueer
Cart,Male
Lazarus,Male
Anatol,Male
Melvin,Male
Leanora,Female
Zebedee,Male
Krysta,Female
Alfie,Bigender
Launce,Male
Woodman,Male
Genny,Female
Rudolf,Male
Fredra,Female
Tammy,Male
Baryram,Non-binary
Bryan,Male
Kinna,Female
Curtis,Male
Sonja,Female
Micheil,Male
Alfons,Male
Adan,Male
Erroll,Male
Hartley,Male
Farr,Male
Grantham,Male
Danika,Female
Bell,Female
Con,Male
Andres,Male
Jerrie,Male
Yorker,Male
Cheryl,Female
Alric,Male
Faustine,Female
Lita,Female
Bowie,Male
Carrol,Male
Rhonda,Female
Pattin,Male
Chick,Genderfluid
Estele,Female
Collen,Female
Arny,Male
Clemmy,Genderfluid
Morty,Male
Talbot,Male
Knox,Male
Elisa,Female
Goran,Male
Ivonne,Female
Christy,Female
Nance,Female
Stevana,Female
Michaelina,Female
Trudy,Female
Garnette,Bigender
Deane,Female
Rodolfo,Male
Brit,Male
Laura,Female
Petronille,Female
Garry,Male
Danell,Genderqueer
Cyrille,Male
Morse,Male
Hank,Male
Clemmie,Female
Ronny,Male
Penelope,Female
Babita,Female
Abey,Male
La verne,Female
Clio,Female
Matti,Female
Kevan,Male
Ardella,Female
Salvatore,Male
Tris,Male
Jacky,Female
Noel,Male
Sonni,Female
Shalne,Female
Bren,Polygender
Ham,Male
Egbert,Male
Zachery,Male
Alidia,Genderfluid
Shellie,Female
Kayley,Female
Beau,Male
Perla,Genderqueer
Bailey,Male
Carlene,Female
Hakeem,Male
Erin,Female
Persis,Female
Toni,Female
Harp,Male
Daune,Non-binary
Terrence,Male
Fitzgerald,Male
Gianina,Female
Clemmie,Non-binary
Burch,Male
Mirella,Female
Orelie,Female
Barbra,Female
Garrard,Male
Dione,Female
Rozele,Genderqueer
Agnes,Female
Marcel,Genderfluid
Orly,Female
Susanetta,Female
Inness,Male
Boot,Male
Duffie,Male
Fabien,Male
Judy,Female
Rebecka,Female
Yanaton,Male
Howey,Genderfluid
Beatrice,Female
Alex,Male
Avrom,Male
Clemmie,Male
Mariellen,Female
Egan,Male
Edvard,Male
Dan,Male
Wit,Male
Cassie,Male
Neel,Male
Saxon,Agender
Agnola,Female
Ellwood,Male
Mitchell,Male
Corbet,Male
Eberto,Male
Fannie,Female
Aldin,Male
Georgi,Male
Kincaid,Male
Henry,Male
Ivette,Female
Nicola,Male
Evangelina,Genderfluid
Valencia,Female
Bailie,Male
Juanita,Female
Tomlin,Male
Natalina,Female
Mill,Non-binary
Birgitta,Genderqueer
Lyman,Male
Phillipp,Male
Leigha,Female
Collie,Female
Perry,Agender
Thomasina,Female
Aylmar,Male
Letitia,Female
Alick,Male
Umeko,Female
Duffie,Male
Donica,Female
Doreen,Female
Katharina,Female
Royce,Male
Hewie,Male
Ginny,Female
Bartram,Male
Alisander,Male
Donna,Female
Joletta,Female
Lucila,Non-binary
Nikkie,Agender
Melinde,Female
Mickie,Male
Aharon,Male
Patric,Male
Liliane,Female
Cherilyn,Female
Cherida,Female
Greggory,Male
Derick,Male
Ammamaria,Female
Ramsay,Male
Cobbie,Male
Alexander,Male
Hershel,Male
Rabbi,Male
Royce,Polygender
Kaine,Male
Ola,Female
Shayne,Male
Susannah,Female
Zea,Female
Irving,Male
Glyn,Female
Marice,Female
Minetta,Female
Zed,Male
Frederic,Male
Ravid,Male
Farley,Male
Oliviero,Male
Jefferey,Male
Carrol,Male
Davita,Female
Buffy,Female
Teodorico,Male
Duke,Male
Gisela,Genderqueer
Lewes,Male
Albrecht,Male
Reube,Male
Sharleen,Female
Hurleigh,Male
Sterling,Male
Morly,Male
Wyndham,Male
Wendall,Genderqueer
Dore,Male
Elvera,Female
Hy,Male
Archie,Male
Cecily,Female
Gray,Female
Sadie,Female
Cointon,Male
Anitra,Female
Gregorius,Male
Gram,Male
Tonie,Female
Audra,Bigender
Liam,Male
Bengt,Male
Hanan,Male
Karlens,Male
Mattias,Genderqueer
Rubetta,Female
Carolee,Female
Ham,Male
Kristian,Male
Daron,Female
Katya,Female
Carlos,Male
Tammara,Female
Laurent,Male
Almira,Female
Yorker,Male
Lynnea,Female
Dee dee,Genderqueer
Hadleigh,Male
Carlen,Female
Friedrich,Male
Garnette,Female
Giustino,Male
Aimee,Female
Toinette,Female
Tom,Male
Hyacinth,Female
Haily,Male
Lynnell,Female
Gwyneth,Female
Melessa,Female
Wandis,Female
Valeda,Female
Reid,Male
Rustie,Male
John,Male
Clayton,Male
Gian,Male
Sallee,Female
Karrah,Genderqueer
Ced,Male
Hasty,Bigender
Krispin,Male
Brenn,Female
Madelaine,Female
Noland,Male
Paton,Genderqueer
Rawley,Male
Crin,Female
Teriann,Polygender
Felisha,Female
Herby,Male
Alexandr,Male
Bertie,Female
Putnem,Male
Andreana,Female
Monty,Male
